familia,parametros,auc,auc_desvio,log_loss,log_loss_desvio,brier,auc_dobras
regressão logística,"{""C"": 0.001}",0.6552046041353757,0.01401439789168647,0.6405548364639274,0.007978618158524242,0.2249777265721984,"[0.6714382764170765, 0.6563889236535725, 0.6497519556401036, 0.6347415566456854, 0.6637023083204405]"
regressão logística,"{""C"": 0.003593813663804626}",0.6584475031515982,0.014577841368525132,0.6362093667527109,0.008568087275735315,0.22316349674480435,"[0.6740815737432989, 0.6589265805637445, 0.6537069282526403, 0.6366637106192702, 0.6688587225790371]"
regressão logística,"{""C"": 0.01291549665014884}",0.6606719342774572,0.015299239675678925,0.6343706783994926,0.008828995839435994,0.2223954635344992,"[0.6760368447187078, 0.6609136297085145, 0.6568072495950844, 0.6372473999045246, 0.6723545474604552]"
regressão logística,"{""C"": 0.046415888336127795}",0.6619135602117657,0.01586251393799065,0.6336220247557456,0.008889913704165317,0.2220747512873867,"[0.6770237011521893, 0.662452109539934, 0.6586905871850857, 0.637122700897856, 0.6742787022837633]"
regressão logística,"{""C"": 0.1668100537200059}",0.6621730894238398,0.01596079416712886,0.633548621310594,0.008885601895981941,0.2220481933411608,"[0.6770399324960741, 0.6629474227545877, 0.6590620349071558, 0.6370774078152461, 0.6747386491461357]"
regressão logística,"{""C"": 0.5994842503189409}",0.6618627160007704,0.016303292923196332,0.6337659458044714,0.008926561211226874,0.22215523974936757,"[0.677027793086349, 0.6637574894632433, 0.6573292410288436, 0.6364865447562407, 0.6747125116691753]"
regressão logística,"{""C"": 2.1544346900318843}",0.6602115451563921,0.017137651604433823,0.6345570440764805,0.009365418927816307,0.22251619618359716,"[0.6769679660719448, 0.6633159550516534, 0.6496683083667557, 0.6364502249330343, 0.6746552713585724]"
regressão logística,"{""C"": 7.742636826811277}",0.6593808520391365,0.0178774881947841,0.6352013054367642,0.009963770944959491,0.22277178144410353,"[0.6769152331477577, 0.6633413703812969, 0.645618247096228, 0.636331709369666, 0.6746977002007343]"
regressão logística,"{""C"": 27.825594022071257}",0.6585637001331469,0.018721900576544753,0.6360644856602813,0.010984680616230222,0.22306346176586628,"[0.6769702404968873, 0.6633259082848081, 0.6416191658653861, 0.6362934194651344, 0.6746097665535188]"
regressão logística,"{""C"": 100.0}",0.6584962965365542,0.01885897513131875,0.6362371622255931,0.011253347544814865,0.2231103116838947,"[0.6769319808897627, 0.6634533683913779, 0.6410799523132249, 0.6363116200761864, 0.6747045610122184]"
gradient boosting,"{""min_samples_leaf"": 20, ""max_leaf_nodes"": 63, ""max_iter"": 400, ""learning_rate"": 0.05, ""l2_regularization"": 10.0}",0.6622242661859425,0.014986584592735245,0.6332536204921873,0.00852655098915529,0.2220572843021932,"[0.6766150924822737, 0.6638510696773977, 0.6578658612377208, 0.6390498556366431, 0.6737394518956775]"
gradient boosting,"{""min_samples_leaf"": 50, ""max_leaf_nodes"": 63, ""max_iter"": 400, ""learning_rate"": 0.2, ""l2_regularization"": 0.1}",0.659869022230024,0.014125594456498003,0.6347599079127904,0.007994123464203957,0.22261982157140814,"[0.6742831090401478, 0.6594905560715717, 0.6551805393862257, 0.6390004822575948, 0.6713904243945803]"
gradient boosting,"{""min_samples_leaf"": 10, ""max_leaf_nodes"": 31, ""max_iter"": 400, ""learning_rate"": 0.05, ""l2_regularization"": 0.1}",0.6631012846538853,0.01444981637634237,0.6327623364634511,0.008336330661506889,0.22183115028237732,"[0.6766879020409421, 0.6642553430211011, 0.6575105581276216, 0.6415536299042364, 0.6754989901755251]"
gradient boosting,"{""min_samples_leaf"": 100, ""max_leaf_nodes"": 31, ""max_iter"": 400, ""learning_rate"": 0.1, ""l2_regularization"": 10.0}",0.6620215745542453,0.015003558061191672,0.6332666095358526,0.008243510164160426,0.22204366082035004,"[0.6761237288729558, 0.6623894299628724, 0.6572579754728304, 0.6393972991463154, 0.6749394393162521]"
gradient boosting,"{""min_samples_leaf"": 100, ""max_leaf_nodes"": 7, ""max_iter"": 200, ""learning_rate"": 0.2, ""l2_regularization"": 10.0}",0.6632157293349493,0.014560752291958067,0.6327159548172628,0.008415453429641924,0.2217956063418342,"[0.6770928963028837, 0.664495016388624, 0.6568222505712633, 0.6418846362176257, 0.6757838471943499]"
gradient boosting,"{""min_samples_leaf"": 20, ""max_leaf_nodes"": 7, ""max_iter"": 200, ""learning_rate"": 0.02, ""l2_regularization"": 0.1}",0.6628345564381632,0.014456589616234009,0.6335018900855487,0.008741525978460282,0.22207170001605384,"[0.6774276309444619, 0.6642347602376448, 0.6588979376368276, 0.6404833125418266, 0.6731291408300557]"
gradient boosting,"{""min_samples_leaf"": 10, ""max_leaf_nodes"": 63, ""max_iter"": 200, ""learning_rate"": 0.2, ""l2_regularization"": 0.0}",0.6601784720728759,0.014974683794926242,0.6346273808570334,0.00801812037172718,0.22257835878901405,"[0.6734941099213632, 0.6617737529801659, 0.6554075458407662, 0.6371788630817523, 0.6730380885403321]"
gradient boosting,"{""min_samples_leaf"": 200, ""max_leaf_nodes"": 31, ""max_iter"": 200, ""learning_rate"": 0.05, ""l2_regularization"": 0.1}",0.6631053457903373,0.015246599237952532,0.632745595112896,0.008652601183022763,0.2218113708591055,"[0.6780593064775213, 0.6633113372776991, 0.6585379913408385, 0.6400719461132142, 0.6755461477424132]"
gradient boosting,"{""min_samples_leaf"": 20, ""max_leaf_nodes"": 15, ""max_iter"": 200, ""learning_rate"": 0.05, ""l2_regularization"": 0.0}",0.6635044318363603,0.014349776950198902,0.6324345741161361,0.008576447320559765,0.22167799112719497,"[0.6775018858116774, 0.6640109619638372, 0.6597477261089998, 0.641463245298191, 0.6747983399990964]"
gradient boosting,"{""min_samples_leaf"": 100, ""max_leaf_nodes"": 63, ""max_iter"": 200, ""learning_rate"": 0.1, ""l2_regularization"": 10.0}",0.6628283534264586,0.014621793692848651,0.6329257656692968,0.008355278717064653,0.22191040385619173,"[0.6767584506623961, 0.6632545950827824, 0.6580268804209166, 0.6408425469667972, 0.6752592939994007]"
gradient boosting,"{""min_samples_leaf"": 20, ""max_leaf_nodes"": 63, ""max_iter"": 200, ""learning_rate"": 0.05, ""l2_regularization"": 1.0}",0.6614929084724074,0.014892881345647892,0.6331448209536819,0.008462841156571544,0.22200642420743208,"[0.6749000187694614, 0.6626217892452445, 0.6585134593589295, 0.6379591773090836, 0.6734700976793179]"
gradient boosting,"{""min_samples_leaf"": 50, ""max_leaf_nodes"": 15, ""max_iter"": 100, ""learning_rate"": 0.05, ""l2_regularization"": 0.0}",0.663871715116779,0.013931317273983114,0.6324694831077677,0.008496270838316783,0.2216756345840399,"[0.6774017870181626, 0.6649722834364777, 0.6591010283300928, 0.6428066289424113, 0.6750768478567507]"
gradient boosting,"{""min_samples_leaf"": 100, ""max_leaf_nodes"": 63, ""max_iter"": 200, ""learning_rate"": 0.2, ""l2_regularization"": 0.0}",0.6611347455116474,0.014254087437524392,0.6340132644990604,0.008241223514076846,0.2223414090393699,"[0.6747120275761537, 0.6618527529221245, 0.656202568870059, 0.639724507072501, 0.6731818711173994]"
gradient boosting,"{""min_samples_leaf"": 10, ""max_leaf_nodes"": 63, ""max_iter"": 400, ""learning_rate"": 0.2, ""l2_regularization"": 10.0}",0.6618171122597126,0.014366380074883852,0.6336799633527453,0.008538024917889084,0.22219581332690058,"[0.6755068602130156, 0.6617769509052122, 0.6584762052945503, 0.6397236963668438, 0.6736018485189413]"
gradient boosting,"{""min_samples_leaf"": 50, ""max_leaf_nodes"": 7, ""max_iter"": 400, ""learning_rate"": 0.05, ""l2_regularization"": 1.0}",0.6636348775802356,0.01496126202442904,0.6325310053820905,0.008625019367561534,0.22170174134583237,"[0.6781760397312819, 0.6647794598178914, 0.6588851680238798, 0.6408428333449908, 0.6754908869831341]"
gradient boosting,"{""min_samples_leaf"": 50, ""max_leaf_nodes"": 7, ""max_iter"": 100, ""learning_rate"": 0.05, ""l2_regularization"": 1.0}",0.6631802599853327,0.014568596733853962,0.6330766216574253,0.008668715296984342,0.22190152582650718,"[0.6779279108132996, 0.6644979600878941, 0.6590416487446233, 0.6407624858386165, 0.6736712944422304]"
gradient boosting,"{""min_samples_leaf"": 10, ""max_leaf_nodes"": 31, ""max_iter"": 200, ""learning_rate"": 0.02, ""l2_regularization"": 0.0}",0.6631694886756689,0.01394385236985779,0.6326513641331644,0.008439908456704035,0.2217715523553665,"[0.676927415824295, 0.6639358701106984, 0.6596971593778145, 0.6416009621090291, 0.6736860359565071]"
gradient boosting,"{""min_samples_leaf"": 200, ""max_leaf_nodes"": 7, ""max_iter"": 400, ""learning_rate"": 0.2, ""l2_regularization"": 0.1}",0.6625123759719731,0.014874272548101527,0.633223241454539,0.008585673367890546,0.22201159458900044,"[0.6768830766617204, 0.6638338267013127, 0.6570233067255077, 0.6401694407875429, 0.6746522289837813]"
gradient boosting,"{""min_samples_leaf"": 10, ""max_leaf_nodes"": 15, ""max_iter"": 100, ""learning_rate"": 0.05, ""l2_regularization"": 10.0}",0.6636616163441882,0.014230783204298242,0.6327842192614337,0.008567859472316752,0.22176775127341242,"[0.6775065372592223, 0.6657319800392929, 0.6593889821497801, 0.6415912686403894, 0.6740893136322567]"
gradient boosting,"{""min_samples_leaf"": 100, ""max_leaf_nodes"": 15, ""max_iter"": 100, ""learning_rate"": 0.2, ""l2_regularization"": 10.0}",0.6632590056274373,0.01432917187157546,0.6327749119597632,0.008279539742777994,0.22181833061479073,"[0.6771251383374871, 0.6650339573926441, 0.6581143857615606, 0.6415134162952306, 0.6745081303502644]"
random forest,"{""n_estimators"": 200, ""min_samples_leaf"": 10, ""max_features"": 0.3, ""max_depth"": 8}",0.6619840444260159,0.014412150136920035,0.6339316665451321,0.00842367996807688,0.22227959949380488,"[0.6760485166043826, 0.6623500366600511, 0.6595993139521242, 0.6393079470522224, 0.6726144078612988]"
random forest,"{""n_estimators"": 400, ""min_samples_leaf"": 20, ""max_features"": 0.3, ""max_depth"": 8}",0.6615299016873066,0.014236602058980988,0.6341413592689413,0.00861498914839019,0.2223729601786025,"[0.6760742137569242, 0.6626441814215159, 0.6592534332704947, 0.6389765923880335, 0.6707010875995653]"
random forest,"{""n_estimators"": 200, ""min_samples_leaf"": 10, ""max_features"": ""sqrt"", ""max_depth"": null}",0.6609952125286505,0.013294011565305953,0.6354989108167025,0.007879240308666494,0.2229209967428695,"[0.6743090375299543, 0.6628579660852565, 0.6574524158984392, 0.6402456168854355, 0.670111026244167]"
random forest,"{""n_estimators"": 400, ""min_samples_leaf"": 10, ""max_features"": 0.5, ""max_depth"": 8}",0.6624428804919994,0.014533534056174862,0.6334218539173891,0.008552692689211596,0.2220728368230181,"[0.6768672785163764, 0.6639576642615158, 0.6592515645575467, 0.6395902024487199, 0.6725476926758381]"
random forest,"{""n_estimators"": 200, ""min_samples_leaf"": 20, ""max_features"": 0.5, ""max_depth"": null}",0.6623386986198546,0.013654058783866779,0.6334732368703786,0.00860029331890349,0.2221051165176437,"[0.6773965511276678, 0.663082790493067, 0.659166088114821, 0.6413846123672473, 0.6706634509964701]"
random forest,"{""n_estimators"": 200, ""min_samples_leaf"": 10, ""max_features"": ""sqrt"", ""max_depth"": 12}",0.6602492390146412,0.013986767022652273,0.6359043775034503,0.008054404540923715,0.22309346855677664,"[0.6747195115980986, 0.6615704546852381, 0.6572046615805757, 0.6383697704481706, 0.669381796761123]"
random forest,"{""n_estimators"": 400, ""min_samples_leaf"": 5, ""max_features"": 0.3, ""max_depth"": 12}",0.6619401643386741,0.014478816367645914,0.6338382286926815,0.008246112649133996,0.22224688044116797,"[0.6758582540170824, 0.6635447353438234, 0.659887531730727, 0.6386624404801777, 0.6717478601215603]"
random forest,"{""n_estimators"": 200, ""min_samples_leaf"": 2, ""max_features"": 0.3, ""max_depth"": null}",0.6598916803833961,0.013482158114270944,0.6351463293514323,0.008167962073561989,0.22281178934164494,"[0.673934981766759, 0.6602472130763404, 0.6566699009248362, 0.6391887477837173, 0.6694175583653277]"
random forest,"{""n_estimators"": 200, ""min_samples_leaf"": 2, ""max_features"": 0.3, ""max_depth"": 8}",0.6622497679052014,0.01393402104447296,0.6342443789418499,0.008308963293476239,0.22241470618803527,"[0.6768988394207223, 0.6623726212492684, 0.6592656059877741, 0.6408053803214481, 0.6719063925467939]"
random forest,"{""n_estimators"": 400, ""min_samples_leaf"": 20, ""max_features"": 0.3, ""max_depth"": 20}",0.6618486299812159,0.014202711724114777,0.633803935957651,0.008620441833234472,0.22223310095612892,"[0.6768171365240939, 0.663192494659116, 0.6595032383804565, 0.6394060522410824, 0.6703242281013305]"
random forest,"{""n_estimators"": 200, ""min_samples_leaf"": 50, ""max_features"": 0.3, ""max_depth"": null}",0.6602099819169259,0.014289722477295451,0.6354802580470581,0.008870635134825892,0.22289832247865346,"[0.6767495104962574, 0.6604451678435789, 0.6573369027631006, 0.6384555998168719, 0.6680627286648211]"
random forest,"{""n_estimators"": 200, ""min_samples_leaf"": 5, ""max_features"": ""sqrt"", ""max_depth"": 12}",0.6607186461412482,0.013269856823436487,0.6354605307548746,0.007789720955857766,0.22290842581859804,"[0.6726059019717819, 0.6610417128665291, 0.6593748826329527, 0.6394408340583432, 0.6711298991766339]"
